patient_id,sample_id,gene,variant_classification,variant_type,protein_change,cnv_call,fusion_partner
PT001,PT001_S1,EGFR,Missense_Mutation,SNV,p.V169I,,
PT002,PT002_S1,IDH1,Missense_Mutation,SNV,p.A89T,,
PT002,PT002_S1,NRAS,Nonsense_Mutation,SNV,p.T150L,,
PT003,PT003_S1,PTEN,Frameshift_Del,SNV,p.T791I,,
PT003,PT003_S1,IDH1,Frameshift_Del,CNV,p.V230L,Amplification,
PT003,PT003_S1,NRAS,Frameshift_Del,SNV,p.T673V,,
PT003,PT003_S2,PIK3CA,Nonsense_Mutation,Fusion,p.M364S,,RET
PT003,PT003_S2,PTEN,Nonsense_Mutation,SNV,p.L199I,,
PT003,PT003_S2,ALK,Splice_Site,CNV,p.V674M,Deep Deletion,
PT003,PT003_S2,ERBB2,Missense_Mutation,SNV,p.M415M,,
PT004,PT004_S1,EGFR,Frameshift_Del,SNV,p.I575A,,
PT004,PT004_S1,NRAS,Missense_Mutation,SNV,p.M376A,,
PT005,PT005_S1,IDH1,In_Frame_Del,CNV,p.S791T,Neutral,
PT005,PT005_S1,ERBB2,Frameshift_Del,CNV,p.V161A,Amplification,
PT005,PT005_S1,PTEN,Nonsense_Mutation,SNV,p.A638V,,
PT005,PT005_S2,ALK,Missense_Mutation,SNV,p.M88A,,
PT005,PT005_S2,PTEN,Frameshift_Del,SNV,p.T773L,,
PT005,PT005_S2,KRAS,Frameshift_Del,CNV,p.A553V,Deep Deletion,
PT005,PT005_S2,EGFR,Missense_Mutation,SNV,p.I45V,,
PT006,PT006_S1,IDH1,Frameshift_Del,SNV,p.I759I,,
PT006,PT006_S1,NRAS,Nonsense_Mutation,SNV,p.M122S,,
PT006,PT006_S2,KRAS,Nonsense_Mutation,INDEL,p.V747S,,
PT006,PT006_S2,ERBB2,Frameshift_Del,CNV,p.M520I,Amplification,
PT007,PT007_S1,PTEN,Missense_Mutation,INDEL,p.M822S,,
PT007,PT007_S1,ALK,Nonsense_Mutation,CNV,p.V652I,Amplification,
PT007,PT007_S2,NRAS,In_Frame_Del,SNV,p.A511M,,
PT007,PT007_S2,EGFR,Splice_Site,SNV,p.A234T,,
PT007,PT007_S2,PIK3CA,Frameshift_Del,INDEL,p.M99M,,
PT007,PT007_S2,PTEN,Nonsense_Mutation,SNV,p.A599M,,
PT008,PT008_S1,PIK3CA,In_Frame_Del,SNV,p.A195I,,
PT008,PT008_S1,NRAS,Frameshift_Del,SNV,p.V316S,,
PT008,PT008_S1,KRAS,Splice_Site,SNV,p.I156A,,
PT008,PT008_S2,PTEN,Frameshift_Del,SNV,p.V761A,,
PT009,PT009_S1,PTEN,Splice_Site,SNV,p.S282S,,
PT009,PT009_S2,PTEN,Splice_Site,SNV,p.I642L,,
PT009,PT009_S2,EGFR,Missense_Mutation,INDEL,p.V701L,,
PT009,PT009_S2,BRAF,Splice_Site,INDEL,p.I339S,,
PT009,PT009_S2,PIK3CA,Missense_Mutation,SNV,p.T684S,,
PT010,PT010_S1,KRAS,In_Frame_Del,INDEL,p.T507A,,
PT010,PT010_S1,PTEN,Missense_Mutation,SNV,p.S411M,,
PT011,PT011_S1,PIK3CA,Splice_Site,INDEL,p.M361I,,
PT011,PT011_S1,IDH1,In_Frame_Del,SNV,p.T685M,,
PT011,PT011_S1,ERBB2,In_Frame_Del,INDEL,p.A405V,,
PT012,PT012_S1,BRAF,Frameshift_Del,CNV,p.V354T,Deep Deletion,
PT012,PT012_S1,PIK3CA,Frameshift_Del,INDEL,p.S349A,,
PT013,PT013_S1,PIK3CA,Missense_Mutation,SNV,p.S833T,,
PT013,PT013_S1,IDH1,Nonsense_Mutation,SNV,p.M821S,,
PT013,PT013_S2,KRAS,In_Frame_Del,SNV,p.T105A,,
PT013,PT013_S2,IDH1,Frameshift_Del,SNV,p.M856L,,
PT014,PT014_S1,BRAF,In_Frame_Del,SNV,p.A431V,,
PT014,PT014_S1,EGFR,Missense_Mutation,SNV,p.I287L,,
PT014,PT014_S1,ALK,In_Frame_Del,SNV,p.S60T,,
PT014,PT014_S1,NRAS,Splice_Site,CNV,p.T597V,Amplification,
PT014,PT014_S2,PIK3CA,Frameshift_Del,SNV,p.V388A,,
PT015,PT015_S1,NRAS,Splice_Site,SNV,p.T173V,,
PT015,PT015_S1,EGFR,In_Frame_Del,SNV,p.A478S,,
PT015,PT015_S1,ERBB2,Nonsense_Mutation,SNV,p.M569L,,
PT015,PT015_S2,PIK3CA,Splice_Site,SNV,p.A131I,,
PT015,PT015_S2,PTEN,Missense_Mutation,Fusion,p.T226V,,NTRK1
PT015,PT015_S2,NRAS,Splice_Site,Fusion,p.S460L,,EML4
PT016,PT016_S1,IDH1,Splice_Site,SNV,p.V467V,,
PT016,PT016_S1,PTEN,Splice_Site,SNV,p.T99S,,
PT016,PT016_S1,TP53,Splice_Site,CNV,p.S639I,Neutral,
PT017,PT017_S1,PTEN,Missense_Mutation,SNV,p.S707V,,
PT017,PT017_S1,ALK,Splice_Site,CNV,p.T303S,Deep Deletion,
PT017,PT017_S1,IDH1,Splice_Site,SNV,p.I467V,,
PT017,PT017_S2,EGFR,Splice_Site,SNV,p.L725A,,
PT018,PT018_S1,ERBB2,Nonsense_Mutation,Fusion,p.A379A,,RET
PT018,PT018_S1,BRAF,In_Frame_Del,CNV,p.I413M,Neutral,
PT018,PT018_S1,PTEN,Missense_Mutation,SNV,p.L483S,,
PT019,PT019_S1,PTEN,In_Frame_Del,SNV,p.M862S,,
PT020,PT020_S1,PIK3CA,Splice_Site,SNV,p.S863A,,
PT020,PT020_S1,TP53,Frameshift_Del,SNV,p.L42T,,
PT021,PT021_S1,NRAS,Frameshift_Del,SNV,p.V500S,,
PT021,PT021_S2,PTEN,Frameshift_Del,SNV,p.V184V,,
PT022,PT022_S1,EGFR,Missense_Mutation,INDEL,p.L388S,,
PT022,PT022_S1,ERBB2,Splice_Site,SNV,p.M43S,,
PT022,PT022_S1,BRAF,In_Frame_Del,INDEL,p.M381I,,
PT022,PT022_S2,ALK,Missense_Mutation,SNV,p.S831I,,
PT023,PT023_S1,TP53,Frameshift_Del,SNV,p.A745S,,
PT023,PT023_S1,PTEN,Nonsense_Mutation,CNV,p.S866L,Amplification,
PT024,PT024_S1,PTEN,Splice_Site,SNV,p.L506S,,
PT024,PT024_S1,NRAS,In_Frame_Del,INDEL,p.A529I,,
PT024,PT024_S1,TP53,Frameshift_Del,SNV,p.I270M,,
PT024,PT024_S2,KRAS,Splice_Site,SNV,p.I408T,,
PT024,PT024_S2,BRAF,Nonsense_Mutation,SNV,p.S853V,,
PT025,PT025_S1,PTEN,Missense_Mutation,INDEL,p.V208T,,
PT025,PT025_S1,IDH1,Frameshift_Del,SNV,p.L77V,,
PT025,PT025_S1,KRAS,Nonsense_Mutation,SNV,p.S424S,,
PT025,PT025_S1,PIK3CA,Splice_Site,SNV,p.S612L,,
PT025,PT025_S2,BRAF,Splice_Site,INDEL,p.S464A,,
PT025,PT025_S2,PIK3CA,Frameshift_Del,INDEL,p.S446L,,
PT025,PT025_S2,ALK,Missense_Mutation,SNV,p.M525V,,
PT025,PT025_S2,KRAS,Nonsense_Mutation,SNV,p.I250M,,
PT026,PT026_S1,BRAF,Frameshift_Del,SNV,p.A190A,,
PT026,PT026_S1,KRAS,Splice_Site,SNV,p.T282V,,
PT026,PT026_S2,PIK3CA,Frameshift_Del,INDEL,p.I641S,,
PT026,PT026_S2,TP53,Missense_Mutation,SNV,p.V296S,,
PT027,PT027_S1,BRAF,Frameshift_Del,INDEL,p.M724S,,
PT027,PT027_S1,PTEN,Missense_Mutation,INDEL,p.I203V,,
PT027,PT027_S2,BRAF,Frameshift_Del,SNV,p.V741A,,
PT027,PT027_S2,NRAS,Splice_Site,SNV,p.A781T,,
PT027,PT027_S2,TP53,Missense_Mutation,SNV,p.A366V,,
PT027,PT027_S2,PIK3CA,Splice_Site,SNV,p.V127L,,
PT028,PT028_S1,TP53,Nonsense_Mutation,INDEL,p.L173L,,
PT029,PT029_S1,BRAF,Frameshift_Del,SNV,p.S607V,,
PT029,PT029_S2,PTEN,Missense_Mutation,SNV,p.M884M,,
PT029,PT029_S2,IDH1,Splice_Site,INDEL,p.A102T,,
PT029,PT029_S2,EGFR,Missense_Mutation,CNV,p.A290I,Amplification,
PT030,PT030_S1,ALK,In_Frame_Del,INDEL,p.M354L,,
PT030,PT030_S1,IDH1,Splice_Site,Fusion,p.S308I,,ETV6
PT030,PT030_S1,PTEN,Frameshift_Del,SNV,p.I654V,,
PT030,PT030_S1,NRAS,In_Frame_Del,SNV,p.S767T,,
PT031,PT031_S1,PIK3CA,Frameshift_Del,SNV,p.V503V,,
PT031,PT031_S2,NRAS,Missense_Mutation,CNV,p.I809S,Amplification,
PT031,PT031_S2,KRAS,In_Frame_Del,CNV,p.I327A,Amplification,
PT032,PT032_S1,EGFR,In_Frame_Del,SNV,p.A248S,,
PT032,PT032_S1,NRAS,Splice_Site,SNV,p.S635I,,
PT032,PT032_S1,TP53,Missense_Mutation,CNV,p.V823L,Deep Deletion,
PT032,PT032_S1,ERBB2,Frameshift_Del,SNV,p.L144S,,
PT033,PT033_S1,EGFR,Nonsense_Mutation,INDEL,p.S551T,,
PT033,PT033_S2,ERBB2,Frameshift_Del,CNV,p.I648S,Neutral,
PT033,PT033_S2,ALK,Nonsense_Mutation,SNV,p.S161I,,
PT034,PT034_S1,NRAS,Missense_Mutation,Fusion,p.M213V,,ETV6
PT034,PT034_S1,EGFR,Frameshift_Del,INDEL,p.A777L,,
PT034,PT034_S1,ERBB2,Frameshift_Del,CNV,p.I266M,Deep Deletion,
PT035,PT035_S1,KRAS,In_Frame_Del,SNV,p.V718L,,
PT035,PT035_S1,TP53,Nonsense_Mutation,SNV,p.S802T,,
PT035,PT035_S1,PTEN,Missense_Mutation,SNV,p.M501L,,
PT036,PT036_S1,PIK3CA,Missense_Mutation,CNV,p.L723S,Neutral,
PT036,PT036_S2,TP53,Splice_Site,CNV,p.V15L,Neutral,
PT036,PT036_S2,IDH1,Frameshift_Del,SNV,p.L686S,,
PT037,PT037_S1,KRAS,Splice_Site,SNV,p.L678T,,
PT037,PT037_S1,NRAS,Frameshift_Del,SNV,p.V675I,,
PT038,PT038_S1,EGFR,Missense_Mutation,SNV,p.A858M,,
PT039,PT039_S1,ALK,In_Frame_Del,INDEL,p.M73S,,
PT039,PT039_S1,PIK3CA,Frameshift_Del,SNV,p.A418M,,
PT039,PT039_S1,PTEN,Missense_Mutation,SNV,p.A485M,,
PT039,PT039_S2,ALK,Frameshift_Del,SNV,p.A694I,,
PT039,PT039_S2,BRAF,Frameshift_Del,SNV,p.M165L,,
PT039,PT039_S2,IDH1,Splice_Site,SNV,p.S610T,,
PT039,PT039_S2,EGFR,Nonsense_Mutation,SNV,p.A652V,,
PT040,PT040_S1,TP53,Missense_Mutation,SNV,p.L830T,,
PT040,PT040_S1,PTEN,Missense_Mutation,SNV,p.A443T,,
PT040,PT040_S1,EGFR,Frameshift_Del,INDEL,p.L399M,,
PT040,PT040_S1,ERBB2,Missense_Mutation,SNV,p.M884S,,
PT040,PT040_S2,PIK3CA,In_Frame_Del,SNV,p.L785L,,
PT040,PT040_S2,IDH1,Missense_Mutation,SNV,p.M598V,,
PT040,PT040_S2,ALK,Frameshift_Del,SNV,p.L133V,,
PT040,PT040_S2,TP53,Nonsense_Mutation,SNV,p.T202T,,
PT041,PT041_S1,PIK3CA,Nonsense_Mutation,SNV,p.V240I,,
PT041,PT041_S1,NRAS,In_Frame_Del,INDEL,p.A201I,,
PT041,PT041_S1,KRAS,Splice_Site,INDEL,p.I201T,,
PT042,PT042_S1,NRAS,Missense_Mutation,SNV,p.I546S,,
PT042,PT042_S1,TP53,Splice_Site,SNV,p.I644S,,
PT042,PT042_S1,KRAS,Frameshift_Del,SNV,p.I875V,,
PT042,PT042_S1,PTEN,In_Frame_Del,SNV,p.A816T,,
PT042,PT042_S2,PTEN,Missense_Mutation,SNV,p.V844T,,
PT043,PT043_S1,IDH1,Frameshift_Del,SNV,p.L832L,,
PT043,PT043_S1,PIK3CA,Frameshift_Del,SNV,p.S763M,,
PT044,PT044_S1,BRAF,In_Frame_Del,CNV,p.T443V,Amplification,
PT044,PT044_S1,IDH1,Nonsense_Mutation,SNV,p.T452T,,
PT044,PT044_S1,NRAS,Frameshift_Del,SNV,p.T595I,,
PT044,PT044_S1,EGFR,Nonsense_Mutation,SNV,p.S85L,,
PT044,PT044_S2,KRAS,In_Frame_Del,SNV,p.V144A,,
PT044,PT044_S2,BRAF,Missense_Mutation,INDEL,p.L427M,,
PT045,PT045_S1,EGFR,Nonsense_Mutation,INDEL,p.M343L,,
PT045,PT045_S1,KRAS,Nonsense_Mutation,SNV,p.S176V,,
PT045,PT045_S1,PIK3CA,Missense_Mutation,INDEL,p.A683I,,
PT045,PT045_S1,BRAF,Nonsense_Mutation,SNV,p.M40S,,
PT046,PT046_S1,BRAF,In_Frame_Del,SNV,p.A213M,,
PT046,PT046_S1,ERBB2,Frameshift_Del,SNV,p.T286V,,
PT046,PT046_S1,KRAS,In_Frame_Del,SNV,p.A178T,,
PT046,PT046_S1,PTEN,Frameshift_Del,SNV,p.M51T,,
PT047,PT047_S1,PTEN,In_Frame_Del,SNV,p.M301T,,
PT047,PT047_S1,ALK,Missense_Mutation,SNV,p.S499V,,
PT047,PT047_S1,TP53,Missense_Mutation,SNV,p.S306L,,
PT047,PT047_S1,NRAS,Missense_Mutation,SNV,p.A834T,,
PT048,PT048_S1,ERBB2,In_Frame_Del,Fusion,p.A575T,,NTRK1
PT048,PT048_S1,IDH1,Missense_Mutation,SNV,p.I34S,,
PT048,PT048_S1,BRAF,Nonsense_Mutation,SNV,p.V122M,,
PT048,PT048_S1,EGFR,In_Frame_Del,SNV,p.A148S,,
PT049,PT049_S1,ALK,In_Frame_Del,SNV,p.S472M,,
PT049,PT049_S1,PIK3CA,In_Frame_Del,SNV,p.M31A,,
PT049,PT049_S2,EGFR,In_Frame_Del,SNV,p.L192A,,
PT049,PT049_S2,PTEN,Nonsense_Mutation,CNV,p.V124I,Amplification,
PT049,PT049_S2,ALK,In_Frame_Del,CNV,p.S245L,Neutral,
PT049,PT049_S2,NRAS,In_Frame_Del,SNV,p.V210S,,
PT050,PT050_S1,ALK,Nonsense_Mutation,SNV,p.I17S,,
PT050,PT050_S1,IDH1,Frameshift_Del,SNV,p.A644M,,
PT050,PT050_S1,EGFR,Frameshift_Del,CNV,p.T893I,Neutral,
PT050,PT050_S1,NRAS,Splice_Site,SNV,p.T401L,,
